timestamp_utc,candle_time,price,rsi,volume,volume_ma,atr,action,sl,tp,reason
2026-09-09T13:19:53+00:00,2026-09-09 09:00:00-04:00,4454.8,56.16,1923.0,5179.7,16.913,HOLD,,,kosullar saglanmadi (RSI kesisimi / trend / hacim teyidi bir arada yok)
2026-09-09T13:31:02+00:00,2026-09-09 09:00:00-04:00,4462.3,58.72,4748.0,5320.95,17.555,HOLD,,,kosullar saglanmadi (RSI kesisimi / trend / hacim teyidi bir arada yok)
2026-09-09T14:13:05+00:00,2026-09-09 10:00:00-04:00,4465.2,59.77,1369.0,5736.85,18.01,HOLD,,,kosullar saglanmadi (RSI kesisimi / trend / hacim teyidi bir arada yok)
2026-09-09T15:12:56+00:00,2026-09-09 11:00:00-04:00,4447.2,51.71,5622.0,5992.9,19.647,HOLD,,,kosullar saglanmadi (RSI kesisimi / trend / hacim teyidi bir arada yok)
2026-09-09T16:14:02+00:00,2026-09-09 12:00:00-04:00,4445.9,51.22,498.0,6920.65,20.384,HOLD,,,kosullar saglanmadi (RSI kesisimi / trend / hacim teyidi bir arada yok)
2026-09-09T17:12:14+00:00,2026-09-09 13:00:00-04:00,4457.4,55.37,288.0,6998.7,20.196,HOLD,,,kosullar saglanmadi (RSI kesisimi / trend / hacim teyidi bir arada yok)
2026-09-09T18:16:02+00:00,2026-09-09 14:00:00-04:00,4463.0,57.28,562.0,7413.85,19.413,HOLD,,,kosullar saglanmadi (RSI kesisimi / trend / hacim teyidi bir arada yok)
2026-09-09T19:11:35+00:00,2026-09-09 15:00:00-04:00,4445.7,50.22,85.0,7565.3,19.504,HOLD,,,kosullar saglanmadi (RSI kesisimi / trend / hacim teyidi bir arada yok)
2026-09-09T20:13:08+00:00,2026-09-09 16:00:00-04:00,4443.4,49.31,223.0,7535.3,18.567,HOLD,,,kosullar saglanmadi (RSI kesisimi / trend / hacim teyidi bir arada yok)
2026-09-09T21:11:18+00:00,2026-09-09 16:00:00-04:00,4447.2,50.86,1801.0,7614.2,18.995,HOLD,,,kosullar saglanmadi (RSI kesisimi / trend / hacim teyidi bir arada yok)
2026-09-09T22:11:51+00:00,2026-09-09 18:00:00-04:00,4448.7,51.5,0.0,7282.95,17.877,HOLD,,,kosullar saglanmadi (RSI kesisimi / trend / hacim teyidi bir arada yok)
2026-09-09T23:11:24+00:00,2026-09-09 19:00:00-04:00,4445.8,50.3,286.0,7296.1,17.205,HOLD,,,kosullar saglanmadi (RSI kesisimi / trend / hacim teyidi bir arada yok)
2026-09-10T00:17:09+00:00,2026-09-09 20:00:00-04:00,4435.2,45.72,408.0,7411.1,16.829,HOLD,,,kosullar saglanmadi (RSI kesisimi / trend / hacim teyidi bir arada yok)
2026-09-10T01:11:47+00:00,2026-09-09 21:00:00-04:00,4451.4,53.01,289.0,7307.1,16.952,HOLD,,,kosullar saglanmadi (RSI kesisimi / trend / hacim teyidi bir arada yok)
2026-09-10T02:13:03+00:00,2026-09-09 22:00:00-04:00,4458.0,55.68,212.0,7177.9,16.689,HOLD,,,kosullar saglanmadi (RSI kesisimi / trend / hacim teyidi bir arada yok)
2026-09-10T03:13:07+00:00,2026-09-09 23:00:00-04:00,4460.9,56.53,226.0,7079.65,16.514,HOLD,,,kosullar saglanmadi (RSI kesisimi / trend / hacim teyidi bir arada yok)
2026-09-10T04:13:16+00:00,2026-09-10 00:00:00-04:00,4453.1,55.62,82.0,6107.4,20.133,HOLD,,,kosullar saglanmadi (RSI kesisimi / trend / hacim teyidi bir arada yok)
2026-09-10T05:11:55+00:00,2026-09-10 01:00:00-04:00,4453.7,54.21,55.0,6936.3,16.362,HOLD,,,kosullar saglanmadi (RSI kesisimi / trend / hacim teyidi bir arada yok)
2026-09-10T06:17:37+00:00,2026-09-10 02:00:00-04:00,4468.0,57.54,1601.0,6847.4,16.859,HOLD,,,kosullar saglanmadi (RSI kesisimi / trend / hacim teyidi bir arada yok)
2026-09-10T07:13:58+00:00,2026-09-10 03:00:00-04:00,4460.3,53.9,906.0,7041.4,17.226,HOLD,,,kosullar saglanmadi (RSI kesisimi / trend / hacim teyidi bir arada yok)
2026-09-10T08:14:06+00:00,2026-09-10 04:00:00-04:00,4451.8,50.33,483.0,7069.75,17.149,HOLD,,,kosullar saglanmadi (RSI kesisimi / trend / hacim teyidi bir arada yok)
2026-09-10T09:13:37+00:00,2026-09-10 05:00:00-04:00,4438.5,45.47,314.0,6980.65,17.195,HOLD,,,kosullar saglanmadi (RSI kesisimi / trend / hacim teyidi bir arada yok)
2026-09-10T10:13:30+00:00,2026-09-10 06:00:00-04:00,4440.3,46.38,301.0,6228.2,16.777,HOLD,,,kosullar saglanmadi (RSI kesisimi / trend / hacim teyidi bir arada yok)
2026-09-10T11:12:47+00:00,2026-09-10 07:00:00-04:00,4423.2,40.52,336.0,6036.2,17.145,HOLD,,,kosullar saglanmadi (RSI kesisimi / trend / hacim teyidi bir arada yok)
2026-09-10T12:16:53+00:00,2026-09-10 08:00:00-04:00,4413.0,37.07,1478.0,4815.15,17.378,HOLD,,,kosullar saglanmadi (RSI kesisimi / trend / hacim teyidi bir arada yok)
2026-09-10T13:12:53+00:00,2026-09-10 09:00:00-04:00,4397.3,36.45,1409.0,6045.7,20.468,HOLD,,,kosullar saglanmadi (RSI kesisimi / trend / hacim teyidi bir arada yok)
2026-09-10T14:12:43+00:00,2026-09-10 10:00:00-04:00,4417.0,43.65,956.0,6820.65,21.058,HOLD,,,kosullar saglanmadi (RSI kesisimi / trend / hacim teyidi bir arada yok)
2026-09-10T15:13:05+00:00,2026-09-10 11:00:00-04:00,4395.3,37.42,678.0,7392.2,20.865,HOLD,,,kosullar saglanmadi (RSI kesisimi / trend / hacim teyidi bir arada yok)
2026-09-10T16:13:24+00:00,2026-09-10 12:00:00-04:00,4408.6,41.8,406.0,7588.0,20.577,HOLD,,,kosullar saglanmadi (RSI kesisimi / trend / hacim teyidi bir arada yok)
2026-09-10T17:12:02+00:00,2026-09-10 13:00:00-04:00,4404.8,40.65,261.0,7917.2,20.367,HOLD,,,kosullar saglanmadi (RSI kesisimi / trend / hacim teyidi bir arada yok)
2026-09-10T18:14:47+00:00,2026-09-10 14:00:00-04:00,4391.6,37.17,1068.0,8362.85,20.204,HOLD,,,kosullar saglanmadi (RSI kesisimi / trend / hacim teyidi bir arada yok)
2026-09-10T19:10:37+00:00,2026-09-10 15:00:00-04:00,4372.7,32.86,0.0,8720.05,20.557,HOLD,,,kosullar saglanmadi (RSI kesisimi / trend / hacim teyidi bir arada yok)
2026-09-10T20:12:09+00:00,2026-09-10 16:00:00-04:00,4363.3,30.92,153.0,9119.6,20.098,HOLD,,,kosullar saglanmadi (RSI kesisimi / trend / hacim teyidi bir arada yok)
2026-09-10T21:11:20+00:00,2026-09-10 16:00:00-04:00,4358.5,29.96,2604.0,9242.15,20.598,HOLD,,,kosullar saglanmadi (RSI kesisimi / trend / hacim teyidi bir arada yok)
2026-09-10T22:11:36+00:00,2026-09-10 18:00:00-04:00,4364.9,32.94,0.0,9006.35,19.677,HOLD,,,kosullar saglanmadi (RSI kesisimi / trend / hacim teyidi bir arada yok)
2026-09-10T23:10:35+00:00,2026-09-10 19:00:00-04:00,4358.1,29.95,0.0,8870.5,18.636,HOLD,,,kosullar saglanmadi (RSI kesisimi / trend / hacim teyidi bir arada yok)
2026-09-11T00:18:35+00:00,2026-09-10 20:00:00-04:00,4362.4,33.27,590.0,8883.1,18.662,HOLD,,,kosullar saglanmadi (RSI kesisimi / trend / hacim teyidi bir arada yok)
2026-09-11T01:11:31+00:00,2026-09-10 21:00:00-04:00,4370.1,37.17,258.0,8955.9,18.351,HOLD,,,kosullar saglanmadi (RSI kesisimi / trend / hacim teyidi bir arada yok)
2026-09-11T02:12:54+00:00,2026-09-10 22:00:00-04:00,4370.4,37.53,99.0,8907.3,18.167,HOLD,,,kosullar saglanmadi (RSI kesisimi / trend / hacim teyidi bir arada yok)
2026-09-11T03:12:57+00:00,2026-09-10 23:00:00-04:00,4365.7,36.55,84.0,8666.35,18.238,HOLD,,,kosullar saglanmadi (RSI kesisimi / trend / hacim teyidi bir arada yok)
2026-09-11T04:13:55+00:00,2026-09-11 00:00:00-04:00,4346.0,31.32,293.0,8910.5,19.795,HOLD,,,kosullar saglanmadi (RSI kesisimi / trend / hacim teyidi bir arada yok)
2026-09-11T05:12:22+00:00,2026-09-11 01:00:00-04:00,4369.4,37.81,155.0,8690.3,19.162,HOLD,,,kosullar saglanmadi (RSI kesisimi / trend / hacim teyidi bir arada yok)
2026-09-11T06:16:15+00:00,2026-09-11 02:00:00-04:00,4393.6,47.8,1200.0,8617.3,19.891,HOLD,,,kosullar saglanmadi (RSI kesisimi / trend / hacim teyidi bir arada yok)
2026-09-11T07:13:24+00:00,2026-09-11 03:00:00-04:00,4395.0,50.36,351.0,8453.85,19.368,HOLD,,,kosullar saglanmadi (RSI kesisimi / trend / hacim teyidi bir arada yok)
2026-09-11T08:14:07+00:00,2026-09-11 04:00:00-04:00,4384.6,47.03,377.0,8320.85,19.062,HOLD,,,kosullar saglanmadi (RSI kesisimi / trend / hacim teyidi bir arada yok)
2026-09-11T09:12:52+00:00,2026-09-11 05:00:00-04:00,4392.6,49.85,131.0,7002.55,18.962,HOLD,,,kosullar saglanmadi (RSI kesisimi / trend / hacim teyidi bir arada yok)
2026-09-11T10:13:08+00:00,2026-09-11 06:00:00-04:00,4389.9,48.93,905.0,6008.3,18.569,HOLD,,,kosullar saglanmadi (RSI kesisimi / trend / hacim teyidi bir arada yok)
2026-09-11T11:12:31+00:00,2026-09-11 07:00:00-04:00,4381.7,46.13,347.0,5336.25,17.855,HOLD,,,kosullar saglanmadi (RSI kesisimi / trend / hacim teyidi bir arada yok)
2026-09-11T12:17:07+00:00,2026-09-11 08:00:00-04:00,4370.7,42.18,945.0,5188.2,17.79,HOLD,,,kosullar saglanmadi (RSI kesisimi / trend / hacim teyidi bir arada yok)
2026-09-11T13:12:52+00:00,2026-09-11 09:00:00-04:00,4431.2,61.39,2613.0,6698.0,23.203,HOLD,,,kosullar saglanmadi (RSI kesisimi / trend / hacim teyidi bir arada yok)
2026-09-11T14:13:15+00:00,2026-09-11 10:00:00-04:00,4428.4,58.65,1902.0,7554.45,23.995,HOLD,,,kosullar saglanmadi (RSI kesisimi / trend / hacim teyidi bir arada yok)
2026-09-11T15:12:35+00:00,2026-09-11 11:00:00-04:00,4411.7,53.69,668.0,7805.1,23.806,HOLD,,,kosullar saglanmadi (RSI kesisimi / trend / hacim teyidi bir arada yok)
2026-09-11T16:13:31+00:00,2026-09-11 12:00:00-04:00,4412.6,53.87,321.0,7783.9,23.248,HOLD,,,kosullar saglanmadi (RSI kesisimi / trend / hacim teyidi bir arada yok)
2026-09-11T17:11:23+00:00,2026-09-11 13:00:00-04:00,4405.3,51.82,163.0,8150.6,22.924,HOLD,,,kosullar saglanmadi (RSI kesisimi / trend / hacim teyidi bir arada yok)
2026-09-11T18:14:38+00:00,2026-09-11 14:00:00-04:00,4401.6,50.73,407.0,8550.6,22.13,HOLD,,,kosullar saglanmadi (RSI kesisimi / trend / hacim teyidi bir arada yok)
2026-09-11T19:11:08+00:00,2026-09-11 15:00:00-04:00,4390.1,47.31,100.0,8784.15,21.658,HOLD,,,kosullar saglanmadi (RSI kesisimi / trend / hacim teyidi bir arada yok)
2026-09-11T20:13:06+00:00,2026-09-11 16:00:00-04:00,4390.7,47.51,219.0,8853.6,20.884,HOLD,,,kosullar saglanmadi (RSI kesisimi / trend / hacim teyidi bir arada yok)
2026-09-11T21:11:59+00:00,2026-09-11 16:00:00-04:00,4390.0,47.29,1466.0,8915.95,21.113,HOLD,,,kosullar saglanmadi (RSI kesisimi / trend / hacim teyidi bir arada yok)
2026-09-11T22:12:34+00:00,2026-09-11 16:00:00-04:00,4390.0,47.29,1499.0,8917.6,21.113,HOLD,,,kosullar saglanmadi (RSI kesisimi / trend / hacim teyidi bir arada yok)
2026-09-11T23:10:57+00:00,2026-09-11 16:00:00-04:00,4390.0,47.29,1499.0,8917.6,21.113,HOLD,,,kosullar saglanmadi (RSI kesisimi / trend / hacim teyidi bir arada yok)
2026-09-12T00:17:09+00:00,2026-09-11 16:00:00-04:00,4390.0,47.29,1499.0,8917.6,21.113,HOLD,,,kosullar saglanmadi (RSI kesisimi / trend / hacim teyidi bir arada yok)
2026-09-12T01:11:07+00:00,2026-09-11 16:00:00-04:00,4390.0,47.29,1499.0,8917.6,21.113,HOLD,,,kosullar saglanmadi (RSI kesisimi / trend / hacim teyidi bir arada yok)
2026-09-12T02:12:59+00:00,2026-09-11 16:00:00-04:00,4390.0,47.29,1499.0,8917.6,21.113,HOLD,,,kosullar saglanmadi (RSI kesisimi / trend / hacim teyidi bir arada yok)
2026-09-12T03:12:12+00:00,2026-09-11 16:00:00-04:00,4390.0,47.29,1499.0,8917.6,21.113,HOLD,,,kosullar saglanmadi (RSI kesisimi / trend / hacim teyidi bir arada yok)
2026-09-12T04:12:03+00:00,2026-09-11 16:00:00-04:00,4390.0,47.29,1499.0,8924.25,21.113,HOLD,,,kosullar saglanmadi (RSI kesisimi / trend / hacim teyidi bir arada yok)
2026-09-12T05:11:38+00:00,2026-09-11 16:00:00-04:00,4390.0,47.29,1499.0,8924.25,21.113,HOLD,,,kosullar saglanmadi (RSI kesisimi / trend / hacim teyidi bir arada yok)
2026-09-12T06:15:43+00:00,2026-09-11 16:00:00-04:00,4390.0,47.29,1499.0,8924.25,21.113,HOLD,,,kosullar saglanmadi (RSI kesisimi / trend / hacim teyidi bir arada yok)
2026-09-12T07:11:02+00:00,2026-09-11 16:00:00-04:00,4390.0,47.29,1499.0,8924.25,21.113,HOLD,,,kosullar saglanmadi (RSI kesisimi / trend / hacim teyidi bir arada yok)
2026-09-12T08:12:46+00:00,2026-09-11 16:00:00-04:00,4408.9,53.29,1499.0,8924.25,22.191,HOLD,,,kosullar saglanmadi (RSI kesisimi / trend / hacim teyidi bir arada yok)
2026-09-12T09:12:04+00:00,2026-09-11 16:00:00-04:00,4408.9,53.29,1499.0,8924.25,22.191,HOLD,,,kosullar saglanmadi (RSI kesisimi / trend / hacim teyidi bir arada yok)
2026-09-12T10:11:59+00:00,2026-09-11 16:00:00-04:00,4408.9,53.29,1499.0,8924.25,22.191,HOLD,,,kosullar saglanmadi (RSI kesisimi / trend / hacim teyidi bir arada yok)
2026-09-12T11:11:16+00:00,2026-09-11 16:00:00-04:00,4408.9,53.29,1499.0,8924.25,22.191,HOLD,,,kosullar saglanmadi (RSI kesisimi / trend / hacim teyidi bir arada yok)
2026-09-12T12:15:19+00:00,2026-09-11 16:00:00-04:00,4408.9,53.29,1499.0,8924.25,22.191,HOLD,,,kosullar saglanmadi (RSI kesisimi / trend / hacim teyidi bir arada yok)
2026-09-12T13:11:39+00:00,2026-09-11 16:00:00-04:00,4408.9,53.29,1499.0,8924.25,22.191,HOLD,,,kosullar saglanmadi (RSI kesisimi / trend / hacim teyidi bir arada yok)
2026-09-12T14:11:36+00:00,2026-09-11 16:00:00-04:00,4408.9,53.29,1499.0,8924.25,22.191,HOLD,,,kosullar saglanmadi (RSI kesisimi / trend / hacim teyidi bir arada yok)
2026-09-12T15:11:42+00:00,2026-09-11 16:00:00-04:00,4408.9,53.29,1499.0,8924.25,22.191,HOLD,,,kosullar saglanmadi (RSI kesisimi / trend / hacim teyidi bir arada yok)
2026-09-12T16:12:30+00:00,2026-09-11 16:00:00-04:00,4408.9,53.29,1499.0,8924.25,22.191,HOLD,,,kosullar saglanmadi (RSI kesisimi / trend / hacim teyidi bir arada yok)
2026-09-12T17:11:09+00:00,2026-09-11 16:00:00-04:00,4408.9,53.29,1499.0,8924.25,22.191,HOLD,,,kosullar saglanmadi (RSI kesisimi / trend / hacim teyidi bir arada yok)
2026-09-12T18:13:37+00:00,2026-09-11 16:00:00-04:00,4408.9,53.29,1499.0,8924.25,22.191,HOLD,,,kosullar saglanmadi (RSI kesisimi / trend / hacim teyidi bir arada yok)
2026-09-12T19:10:25+00:00,2026-09-11 16:00:00-04:00,4408.9,53.29,1499.0,8924.25,22.191,HOLD,,,kosullar saglanmadi (RSI kesisimi / trend / hacim teyidi bir arada yok)
2026-09-12T20:12:06+00:00,2026-09-11 16:00:00-04:00,4408.9,53.29,1499.0,8924.25,22.191,HOLD,,,kosullar saglanmadi (RSI kesisimi / trend / hacim teyidi bir arada yok)
2026-09-12T21:12:15+00:00,2026-09-11 16:00:00-04:00,4408.9,53.29,1499.0,8924.25,22.191,HOLD,,,kosullar saglanmadi (RSI kesisimi / trend / hacim teyidi bir arada yok)
2026-09-12T22:11:50+00:00,2026-09-11 16:00:00-04:00,4408.9,53.29,1499.0,8924.25,22.191,HOLD,,,kosullar saglanmadi (RSI kesisimi / trend / hacim teyidi bir arada yok)
2026-09-12T23:11:36+00:00,2026-09-11 16:00:00-04:00,4408.9,53.29,1499.0,8924.25,22.191,HOLD,,,kosullar saglanmadi (RSI kesisimi / trend / hacim teyidi bir arada yok)
2026-09-13T00:18:17+00:00,2026-09-11 16:00:00-04:00,4408.9,53.29,1499.0,8924.25,22.191,HOLD,,,kosullar saglanmadi (RSI kesisimi / trend / hacim teyidi bir arada yok)
2026-09-13T01:11:02+00:00,2026-09-11 16:00:00-04:00,4408.9,53.29,1499.0,8924.25,22.191,HOLD,,,kosullar saglanmadi (RSI kesisimi / trend / hacim teyidi bir arada yok)
2026-09-13T02:12:51+00:00,2026-09-11 16:00:00-04:00,4408.9,53.29,1499.0,8924.25,22.191,HOLD,,,kosullar saglanmadi (RSI kesisimi / trend / hacim teyidi bir arada yok)
2026-09-13T03:12:48+00:00,2026-09-11 16:00:00-04:00,4408.9,53.29,1499.0,8924.25,22.191,HOLD,,,kosullar saglanmadi (RSI kesisimi / trend / hacim teyidi bir arada yok)
2026-09-13T04:12:48+00:00,2026-09-11 16:00:00-04:00,4408.9,53.29,1499.0,8924.25,22.191,HOLD,,,kosullar saglanmadi (RSI kesisimi / trend / hacim teyidi bir arada yok)
2026-09-13T05:11:49+00:00,2026-09-11 16:00:00-04:00,4408.9,53.29,1499.0,8924.25,22.191,HOLD,,,kosullar saglanmadi (RSI kesisimi / trend / hacim teyidi bir arada yok)
2026-09-13T06:20:13+00:00,2026-09-11 16:00:00-04:00,4408.9,53.29,1499.0,8924.25,22.191,HOLD,,,kosullar saglanmadi (RSI kesisimi / trend / hacim teyidi bir arada yok)
2026-09-13T07:11:30+00:00,2026-09-11 16:00:00-04:00,4408.9,53.29,1499.0,8924.25,22.191,HOLD,,,kosullar saglanmadi (RSI kesisimi / trend / hacim teyidi bir arada yok)
2026-09-13T08:13:10+00:00,2026-09-11 16:00:00-04:00,4408.9,53.29,1499.0,8924.25,22.191,HOLD,,,kosullar saglanmadi (RSI kesisimi / trend / hacim teyidi bir arada yok)
2026-09-13T09:38:37+00:00,2026-09-11 16:00:00-04:00,4408.9,53.29,1499.0,8924.25,22.191,HOLD,,,kosullar saglanmadi (RSI kesisimi / trend / hacim teyidi bir arada yok)
2026-09-13T10:18:24+00:00,2026-09-11 16:00:00-04:00,4408.9,53.29,1499.0,8924.25,22.191,HOLD,,,kosullar saglanmadi (RSI kesisimi / trend / hacim teyidi bir arada yok)
2026-09-13T11:11:43+00:00,2026-09-11 16:00:00-04:00,4408.9,53.29,1499.0,8924.25,22.191,HOLD,,,kosullar saglanmadi (RSI kesisimi / trend / hacim teyidi bir arada yok)
2026-09-13T12:15:31+00:00,2026-09-11 16:00:00-04:00,4408.9,53.29,1499.0,8924.25,22.191,HOLD,,,kosullar saglanmadi (RSI kesisimi / trend / hacim teyidi bir arada yok)
2026-09-13T13:12:05+00:00,2026-09-11 16:00:00-04:00,4408.9,53.29,1499.0,8924.25,22.191,HOLD,,,kosullar saglanmadi (RSI kesisimi / trend / hacim teyidi bir arada yok)
2026-09-13T14:12:07+00:00,2026-09-11 16:00:00-04:00,4408.9,53.29,1499.0,8924.25,22.191,HOLD,,,kosullar saglanmadi (RSI kesisimi / trend / hacim teyidi bir arada yok)
2026-09-13T15:12:24+00:00,2026-09-11 16:00:00-04:00,4408.9,53.29,1499.0,8924.25,22.191,HOLD,,,kosullar saglanmadi (RSI kesisimi / trend / hacim teyidi bir arada yok)
2026-09-13T16:13:05+00:00,2026-09-11 16:00:00-04:00,4408.9,53.29,1499.0,8924.25,22.191,HOLD,,,kosullar saglanmadi (RSI kesisimi / trend / hacim teyidi bir arada yok)
2026-09-13T17:11:15+00:00,2026-09-11 16:00:00-04:00,4408.9,53.29,1499.0,8924.25,22.191,HOLD,,,kosullar saglanmadi (RSI kesisimi / trend / hacim teyidi bir arada yok)
2026-09-13T18:14:21+00:00,2026-09-11 16:00:00-04:00,4408.9,53.29,1499.0,8924.25,22.191,HOLD,,,kosullar saglanmadi (RSI kesisimi / trend / hacim teyidi bir arada yok)
2026-09-13T19:10:28+00:00,2026-09-11 16:00:00-04:00,4408.9,53.29,1499.0,8924.25,22.191,HOLD,,,kosullar saglanmadi (RSI kesisimi / trend / hacim teyidi bir arada yok)
2026-09-13T20:12:16+00:00,2026-09-11 16:00:00-04:00,4408.9,53.29,1499.0,8924.25,22.191,HOLD,,,kosullar saglanmadi (RSI kesisimi / trend / hacim teyidi bir arada yok)
2026-09-13T21:11:45+00:00,2026-09-11 16:00:00-04:00,4408.9,53.29,1499.0,8924.25,22.191,HOLD,,,kosullar saglanmadi (RSI kesisimi / trend / hacim teyidi bir arada yok)
2026-09-13T22:12:23+00:00,2026-09-13 18:00:00-04:00,4408.9,53.29,0.0,8588.45,20.606,HOLD,,,kosullar saglanmadi (RSI kesisimi / trend / hacim teyidi bir arada yok)
2026-09-13T23:11:27+00:00,2026-09-13 19:00:00-04:00,4382.5,45.75,190.0,8501.95,22.136,HOLD,,,kosullar saglanmadi (RSI kesisimi / trend / hacim teyidi bir arada yok)
2026-09-14T00:18:49+00:00,2026-09-13 20:00:00-04:00,4386.4,47.38,722.0,8317.45,22.061,HOLD,,,kosullar saglanmadi (RSI kesisimi / trend / hacim teyidi bir arada yok)
2026-09-14T01:12:42+00:00,2026-09-13 21:00:00-04:00,4381.0,45.75,656.0,8210.65,21.445,HOLD,,,kosullar saglanmadi (RSI kesisimi / trend / hacim teyidi bir arada yok)
2026-09-14T02:13:19+00:00,2026-09-13 22:00:00-04:00,4393.6,49.72,202.0,8251.15,21.514,HOLD,,,kosullar saglanmadi (RSI kesisimi / trend / hacim teyidi bir arada yok)
2026-09-14T03:13:49+00:00,2026-09-13 23:00:00-04:00,4373.4,44.31,478.0,8165.4,21.704,HOLD,,,kosullar saglanmadi (RSI kesisimi / trend / hacim teyidi bir arada yok)
2026-09-14T04:13:26+00:00,2026-09-14 00:00:00-04:00,4370.1,42.6,33.0,8085.2,20.718,HOLD,,,kosullar saglanmadi (RSI kesisimi / trend / hacim teyidi bir arada yok)
2026-09-14T05:12:25+00:00,2026-09-14 01:00:00-04:00,4368.4,42.12,64.0,7920.8,19.955,HOLD,,,kosullar saglanmadi (RSI kesisimi / trend / hacim teyidi bir arada yok)
2026-09-14T06:18:48+00:00,2026-09-14 02:00:00-04:00,4374.3,44.47,813.0,8017.4,19.869,HOLD,,,kosullar saglanmadi (RSI kesisimi / trend / hacim teyidi bir arada yok)
2026-09-14T07:14:04+00:00,2026-09-14 03:00:00-04:00,4359.2,40.9,414.0,8002.0,19.388,HOLD,,,kosullar saglanmadi (RSI kesisimi / trend / hacim teyidi bir arada yok)
2026-09-14T08:14:43+00:00,2026-09-14 04:00:00-04:00,4355.8,40.76,378.0,8017.35,19.229,HOLD,,,kosullar saglanmadi (RSI kesisimi / trend / hacim teyidi bir arada yok)
2026-09-14T09:15:00+00:00,2026-09-14 05:00:00-04:00,4349.3,38.87,770.0,6392.9,18.938,HOLD,,,kosullar saglanmadi (RSI kesisimi / trend / hacim teyidi bir arada yok)
2026-09-14T10:13:23+00:00,2026-09-14 06:00:00-04:00,4320.2,31.76,453.0,5780.0,19.981,HOLD,,,kosullar saglanmadi (RSI kesisimi / trend / hacim teyidi bir arada yok)
2026-09-14T11:13:33+00:00,2026-09-14 07:00:00-04:00,4334.6,36.71,232.0,5136.95,19.513,HOLD,,,kosullar saglanmadi (RSI kesisimi / trend / hacim teyidi bir arada yok)
2026-09-14T12:17:23+00:00,2026-09-14 08:00:00-04:00,4329.3,35.93,729.0,4849.95,19.163,HOLD,,,kosullar saglanmadi (RSI kesisimi / trend / hacim teyidi bir arada yok)
2026-09-14T13:15:11+00:00,2026-09-14 09:00:00-04:00,4307.1,30.68,1953.0,5066.15,20.067,HOLD,,,kosullar saglanmadi (RSI kesisimi / trend / hacim teyidi bir arada yok)
2026-09-14T14:17:11+00:00,2026-09-14 10:00:00-04:00,4307.6,31.05,2103.0,5557.85,20.838,HOLD,,,kosullar saglanmadi (RSI kesisimi / trend / hacim teyidi bir arada yok)
2026-09-14T15:14:49+00:00,2026-09-14 11:00:00-04:00,4313.8,34.1,749.0,5758.9,20.469,HOLD,,,kosullar saglanmadi (RSI kesisimi / trend / hacim teyidi bir arada yok)
2026-09-14T16:13:42+00:00,2026-09-14 12:00:00-04:00,4329.2,39.62,263.0,6323.85,20.504,HOLD,,,kosullar saglanmadi (RSI kesisimi / trend / hacim teyidi bir arada yok)
2026-09-14T17:11:21+00:00,2026-09-14 13:00:00-04:00,4354.4,48.96,147.0,6817.45,21.182,HOLD,,,kosullar saglanmadi (RSI kesisimi / trend / hacim teyidi bir arada yok)
2026-09-14T18:14:12+00:00,2026-09-14 14:00:00-04:00,4351.3,47.99,761.0,7101.45,20.485,HOLD,,,kosullar saglanmadi (RSI kesisimi / trend / hacim teyidi bir arada yok)
2026-09-14T19:12:47+00:00,2026-09-14 15:00:00-04:00,4346.0,46.28,179.0,7241.05,19.566,HOLD,,,kosullar saglanmadi (RSI kesisimi / trend / hacim teyidi bir arada yok)
2026-09-14T20:13:39+00:00,2026-09-14 16:00:00-04:00,4323.7,39.96,326.0,7390.95,19.833,HOLD,,,kosullar saglanmadi (RSI kesisimi / trend / hacim teyidi bir arada yok)
2026-09-14T21:12:05+00:00,2026-09-14 16:00:00-04:00,4340.0,45.76,3017.0,7525.5,20.905,HOLD,,,kosullar saglanmadi (RSI kesisimi / trend / hacim teyidi bir arada yok)
2026-09-14T22:12:55+00:00,2026-09-14 18:00:00-04:00,4340.0,45.76,4.0,7211.0,19.712,HOLD,,,kosullar saglanmadi (RSI kesisimi / trend / hacim teyidi bir arada yok)
2026-09-14T23:11:48+00:00,2026-09-14 19:00:00-04:00,4336.0,44.62,59.0,7222.55,18.926,HOLD,,,kosullar saglanmadi (RSI kesisimi / trend / hacim teyidi bir arada yok)
2026-09-15T00:19:03+00:00,2026-09-14 20:00:00-04:00,4327.2,42.07,432.0,7282.65,18.511,HOLD,,,kosullar saglanmadi (RSI kesisimi / trend / hacim teyidi bir arada yok)
2026-09-15T01:13:14+00:00,2026-09-14 21:00:00-04:00,4330.4,43.37,576.0,7322.55,18.255,HOLD,,,kosullar saglanmadi (RSI kesisimi / trend / hacim teyidi bir arada yok)
2026-09-15T02:14:40+00:00,2026-09-14 22:00:00-04:00,4346.3,49.12,947.0,7409.35,18.259,HOLD,,,kosullar saglanmadi (RSI kesisimi / trend / hacim teyidi bir arada yok)
2026-09-15T03:15:27+00:00,2026-09-14 23:00:00-04:00,4353.3,51.47,518.0,7279.25,17.695,HOLD,,,kosullar saglanmadi (RSI kesisimi / trend / hacim teyidi bir arada yok)
2026-09-15T04:14:30+00:00,2026-09-15 00:00:00-04:00,4343.8,48.19,85.0,7214.4,18.202,HOLD,,,kosullar saglanmadi (RSI kesisimi / trend / hacim teyidi bir arada yok)
2026-09-15T05:13:20+00:00,2026-09-15 01:00:00-04:00,4346.1,49.13,120.0,7169.55,17.299,HOLD,,,kosullar saglanmadi (RSI kesisimi / trend / hacim teyidi bir arada yok)
2026-09-15T06:17:34+00:00,2026-09-15 02:00:00-04:00,4326.4,42.69,741.0,7176.2,17.674,HOLD,,,kosullar saglanmadi (RSI kesisimi / trend / hacim teyidi bir arada yok)
2026-09-15T07:14:44+00:00,2026-09-15 03:00:00-04:00,4332.5,44.72,951.0,6749.75,16.901,HOLD,,,kosullar saglanmadi (RSI kesisimi / trend / hacim teyidi bir arada yok)
2026-09-15T08:15:00+00:00,2026-09-15 04:00:00-04:00,4307.7,36.86,1135.0,6834.45,17.031,HOLD,,,kosullar saglanmadi (RSI kesisimi / trend / hacim teyidi bir arada yok)
2026-09-15T09:14:59+00:00,2026-09-15 05:00:00-04:00,4306.3,37.25,439.0,6521.1,16.423,HOLD,,,kosullar saglanmadi (RSI kesisimi / trend / hacim teyidi bir arada yok)
2026-09-15T10:13:28+00:00,2026-09-15 06:00:00-04:00,4312.3,39.97,252.0,5981.8,16.005,HOLD,,,kosullar saglanmadi (RSI kesisimi / trend / hacim teyidi bir arada yok)
2026-09-15T11:12:59+00:00,2026-09-15 07:00:00-04:00,4321.6,43.87,125.0,5631.15,15.652,HOLD,,,kosullar saglanmadi (RSI kesisimi / trend / hacim teyidi bir arada yok)
2026-09-15T12:16:21+00:00,2026-09-15 08:00:00-04:00,4322.4,44.31,532.0,5042.9,15.23,HOLD,,,kosullar saglanmadi (RSI kesisimi / trend / hacim teyidi bir arada yok)
2026-09-15T13:14:08+00:00,2026-09-15 09:00:00-04:00,4331.2,47.84,1026.0,5020.6,15.947,HOLD,,,kosullar saglanmadi (RSI kesisimi / trend / hacim teyidi bir arada yok)
2026-09-15T14:13:54+00:00,2026-09-15 10:00:00-04:00,4337.9,50.61,834.0,5183.65,15.829,HOLD,,,kosullar saglanmadi (RSI kesisimi / trend / hacim teyidi bir arada yok)
2026-09-15T15:12:36+00:00,2026-09-15 11:00:00-04:00,4318.2,43.41,407.0,5558.7,16.511,HOLD,,,kosullar saglanmadi (RSI kesisimi / trend / hacim teyidi bir arada yok)
2026-09-15T16:13:10+00:00,2026-09-15 12:00:00-04:00,4330.6,48.44,322.0,5679.3,16.488,HOLD,,,kosullar saglanmadi (RSI kesisimi / trend / hacim teyidi bir arada yok)
2026-09-15T17:11:51+00:00,2026-09-15 13:00:00-04:00,4336.0,50.51,267.0,5892.0,16.102,HOLD,,,kosullar saglanmadi (RSI kesisimi / trend / hacim teyidi bir arada yok)
2026-09-15T18:13:51+00:00,2026-09-15 14:00:00-04:00,4333.4,49.43,436.0,6356.7,15.692,HOLD,,,kosullar saglanmadi (RSI kesisimi / trend / hacim teyidi bir arada yok)
2026-09-15T19:11:36+00:00,2026-09-15 15:00:00-04:00,4350.0,55.84,232.0,6489.65,15.72,HOLD,,,kosullar saglanmadi (RSI kesisimi / trend / hacim teyidi bir arada yok)
2026-09-15T20:13:13+00:00,2026-09-15 16:00:00-04:00,4337.3,50.59,170.0,6548.0,15.71,HOLD,,,kosullar saglanmadi (RSI kesisimi / trend / hacim teyidi bir arada yok)
2026-09-15T21:12:40+00:00,2026-09-15 16:00:00-04:00,4333.4,49.03,2226.0,6650.8,16.06,HOLD,,,kosullar saglanmadi (RSI kesisimi / trend / hacim teyidi bir arada yok)
2026-09-15T22:12:38+00:00,2026-09-15 18:00:00-04:00,4334.1,49.33,66.0,6367.4,15.098,HOLD,,,kosullar saglanmadi (RSI kesisimi / trend / hacim teyidi bir arada yok)
2026-09-15T23:11:38+00:00,2026-09-15 19:00:00-04:00,4328.4,47.0,137.0,6331.05,14.681,HOLD,,,kosullar saglanmadi (RSI kesisimi / trend / hacim teyidi bir arada yok)
2026-09-16T00:16:57+00:00,2026-09-15 20:00:00-04:00,4322.4,44.63,252.0,6383.95,14.299,HOLD,,,kosullar saglanmadi (RSI kesisimi / trend / hacim teyidi bir arada yok)
2026-09-16T01:11:45+00:00,2026-09-15 21:00:00-04:00,4323.9,45.99,570.0,6391.9,14.366,HOLD,,,kosullar saglanmadi (RSI kesisimi / trend / hacim teyidi bir arada yok)
2026-09-16T02:12:55+00:00,2026-09-15 22:00:00-04:00,4325.8,47.0,115.0,6480.2,14.294,HOLD,,,kosullar saglanmadi (RSI kesisimi / trend / hacim teyidi bir arada yok)
2026-09-16T03:13:16+00:00,2026-09-15 23:00:00-04:00,4368.8,62.13,1030.0,6820.55,16.274,HOLD,,,kosullar saglanmadi (RSI kesisimi / trend / hacim teyidi bir arada yok)
2026-09-16T04:13:02+00:00,2026-09-16 00:00:00-04:00,4367.9,55.93,84.0,7219.25,18.59,HOLD,,,kosullar saglanmadi (RSI kesisimi / trend / hacim teyidi bir arada yok)
2026-09-16T05:12:05+00:00,2026-09-16 01:00:00-04:00,4362.4,59.49,70.0,6396.95,15.473,HOLD,,,kosullar saglanmadi (RSI kesisimi / trend / hacim teyidi bir arada yok)
2026-09-16T06:16:55+00:00,2026-09-16 02:00:00-04:00,4362.3,58.68,979.0,6277.55,15.842,HOLD,,,kosullar saglanmadi (RSI kesisimi / trend / hacim teyidi bir arada yok)
2026-09-16T07:13:45+00:00,2026-09-16 03:00:00-04:00,4375.1,61.44,413.0,5998.2,15.573,HOLD,,,kosullar saglanmadi (RSI kesisimi / trend / hacim teyidi bir arada yok)
2026-09-16T08:13:58+00:00,2026-09-16 04:00:00-04:00,4366.9,59.6,718.0,6231.1,14.794,HOLD,,,kosullar saglanmadi (RSI kesisimi / trend / hacim teyidi bir arada yok)
2026-09-16T09:13:17+00:00,2026-09-16 05:00:00-04:00,4371.8,61.68,149.0,6053.9,14.599,HOLD,,,kosullar saglanmadi (RSI kesisimi / trend / hacim teyidi bir arada yok)
2026-09-16T10:13:56+00:00,2026-09-16 06:00:00-04:00,4382.4,65.19,743.0,5827.35,14.466,HOLD,,,kosullar saglanmadi (RSI kesisimi / trend / hacim teyidi bir arada yok)
2026-09-16T11:13:04+00:00,2026-09-16 07:00:00-04:00,4391.7,67.84,1317.0,5675.7,14.472,HOLD,,,kosullar saglanmadi (RSI kesisimi / trend / hacim teyidi bir arada yok)
2026-09-16T12:16:42+00:00,2026-09-16 08:00:00-04:00,4387.3,64.25,809.0,5593.3,14.409,HOLD,,,kosullar saglanmadi (RSI kesisimi / trend / hacim teyidi bir arada yok)
2026-09-16T13:14:11+00:00,2026-09-16 09:00:00-04:00,4388.2,64.47,927.0,5720.8,14.238,HOLD,,,kosullar saglanmadi (RSI kesisimi / trend / hacim teyidi bir arada yok)
2026-09-16T14:14:04+00:00,2026-09-16 10:00:00-04:00,4371.9,55.79,1770.0,5994.75,15.458,HOLD,,,kosullar saglanmadi (RSI kesisimi / trend / hacim teyidi bir arada yok)
2026-09-16T15:13:07+00:00,2026-09-16 11:00:00-04:00,4394.6,63.96,945.0,6466.25,16.337,HOLD,,,kosullar saglanmadi (RSI kesisimi / trend / hacim teyidi bir arada yok)
2026-09-16T16:13:48+00:00,2026-09-16 12:00:00-04:00,4391.0,61.95,340.0,6854.2,16.447,HOLD,,,kosullar saglanmadi (RSI kesisimi / trend / hacim teyidi bir arada yok)
2026-09-16T17:11:24+00:00,2026-09-16 13:00:00-04:00,4385.8,59.16,286.0,7024.5,15.826,HOLD,,,kosullar saglanmadi (RSI kesisimi / trend / hacim teyidi bir arada yok)
2026-09-16T18:14:56+00:00,2026-09-16 14:00:00-04:00,4365.0,49.06,9619.0,7952.9,20.517,HOLD,,,kosullar saglanmadi (RSI kesisimi / trend / hacim teyidi bir arada yok)
2026-09-16T19:12:41+00:00,2026-09-16 15:00:00-04:00,4316.1,38.76,1770.0,10190.25,24.414,HOLD,,,kosullar saglanmadi (RSI kesisimi / trend / hacim teyidi bir arada yok)
2026-09-16T20:13:41+00:00,2026-09-16 16:00:00-04:00,4310.6,37.19,476.0,11461.3,25.322,HOLD,,,kosullar saglanmadi (RSI kesisimi / trend / hacim teyidi bir arada yok)
2026-09-16T21:13:02+00:00,2026-09-16 16:00:00-04:00,4302.5,35.67,3665.0,11620.75,26.022,HOLD,,,kosullar saglanmadi (RSI kesisimi / trend / hacim teyidi bir arada yok)
2026-09-16T22:12:10+00:00,2026-09-16 18:00:00-04:00,4297.8,34.78,39.0,11309.5,24.599,HOLD,,,kosullar saglanmadi (RSI kesisimi / trend / hacim teyidi bir arada yok)
2026-09-16T23:12:04+00:00,2026-09-16 19:00:00-04:00,4305.0,36.54,216.0,10977.45,24.059,HOLD,,,kosullar saglanmadi (RSI kesisimi / trend / hacim teyidi bir arada yok)
2026-09-17T00:16:48+00:00,2026-09-16 20:00:00-04:00,4310.5,38.51,598.0,10781.25,23.714,HOLD,,,kosullar saglanmadi (RSI kesisimi / trend / hacim teyidi bir arada yok)
2026-09-17T01:12:43+00:00,2026-09-16 21:00:00-04:00,4333.1,46.2,1584.0,10857.25,24.334,HOLD,,,kosullar saglanmadi (RSI kesisimi / trend / hacim teyidi bir arada yok)
2026-09-17T02:12:48+00:00,2026-09-16 22:00:00-04:00,4335.9,47.07,206.0,11389.45,24.318,HOLD,,,kosullar saglanmadi (RSI kesisimi / trend / hacim teyidi bir arada yok)
2026-09-17T03:12:53+00:00,2026-09-16 23:00:00-04:00,4317.7,42.77,267.0,11540.95,24.333,HOLD,,,kosullar saglanmadi (RSI kesisimi / trend / hacim teyidi bir arada yok)
2026-09-17T04:13:18+00:00,2026-09-17 00:00:00-04:00,4333.1,48.87,73.0,6690.65,18.453,HOLD,,,kosullar saglanmadi (RSI kesisimi / trend / hacim teyidi bir arada yok)
2026-09-17T05:12:36+00:00,2026-09-17 01:00:00-04:00,4337.2,48.43,84.0,11000.35,22.843,HOLD,,,kosullar saglanmadi (RSI kesisimi / trend / hacim teyidi bir arada yok)
2026-09-17T06:17:13+00:00,2026-09-17 02:00:00-04:00,4346.9,51.27,1015.0,10893.7,22.814,HOLD,,,kosullar saglanmadi (RSI kesisimi / trend / hacim teyidi bir arada yok)
2026-09-17T07:14:45+00:00,2026-09-17 03:00:00-04:00,4350.9,52.43,395.0,10653.4,21.878,HOLD,,,kosullar saglanmadi (RSI kesisimi / trend / hacim teyidi bir arada yok)
2026-09-17T08:14:25+00:00,2026-09-17 04:00:00-04:00,4366.6,56.67,205.0,10718.4,21.953,HOLD,,,kosullar saglanmadi (RSI kesisimi / trend / hacim teyidi bir arada yok)
2026-09-17T09:13:18+00:00,2026-09-17 05:00:00-04:00,4353.1,52.36,310.0,10526.45,21.706,HOLD,,,kosullar saglanmadi (RSI kesisimi / trend / hacim teyidi bir arada yok)
2026-09-17T10:13:16+00:00,2026-09-17 06:00:00-04:00,4345.1,49.98,167.0,10076.55,21.088,HOLD,,,kosullar saglanmadi (RSI kesisimi / trend / hacim teyidi bir arada yok)
2026-09-17T11:12:38+00:00,2026-09-17 07:00:00-04:00,4368.0,56.35,533.0,9426.85,21.156,HOLD,,,kosullar saglanmadi (RSI kesisimi / trend / hacim teyidi bir arada yok)
2026-09-17T12:16:23+00:00,2026-09-17 08:00:00-04:00,4387.8,60.61,3223.0,9506.7,22.018,HOLD,,,kosullar saglanmadi (RSI kesisimi / trend / hacim teyidi bir arada yok)
2026-09-17T13:14:28+00:00,2026-09-17 09:00:00-04:00,4408.0,63.94,1777.0,10267.95,23.066,HOLD,,,kosullar saglanmadi (RSI kesisimi / trend / hacim teyidi bir arada yok)
2026-09-17T14:14:16+00:00,2026-09-17 10:00:00-04:00,4410.5,64.36,821.0,10515.3,22.53,HOLD,,,kosullar saglanmadi (RSI kesisimi / trend / hacim teyidi bir arada yok)
2026-09-17T15:13:36+00:00,2026-09-17 11:00:00-04:00,4397.5,60.15,637.0,8245.25,22.868,HOLD,,,kosullar saglanmadi (RSI kesisimi / trend / hacim teyidi bir arada yok)
2026-09-17T16:13:53+00:00,2026-09-17 12:00:00-04:00,4410.4,62.79,652.0,7125.3,22.3,HOLD,,,kosullar saglanmadi (RSI kesisimi / trend / hacim teyidi bir arada yok)
2026-09-17T17:10:59+00:00,2026-09-17 13:00:00-04:00,4404.2,60.56,0.0,7314.4,21.871,HOLD,,,kosullar saglanmadi (RSI kesisimi / trend / hacim teyidi bir arada yok)
2026-09-17T18:15:25+00:00,2026-09-17 14:00:00-04:00,4403.6,60.3,164.0,7594.85,20.954,HOLD,,,kosullar saglanmadi (RSI kesisimi / trend / hacim teyidi bir arada yok)
2026-09-17T19:11:33+00:00,2026-09-17 15:00:00-04:00,4393.7,57.01,87.0,7560.6,20.647,HOLD,,,kosullar saglanmadi (RSI kesisimi / trend / hacim teyidi bir arada yok)
2026-09-17T20:13:13+00:00,2026-09-17 16:00:00-04:00,4384.5,54.1,175.0,7456.2,19.953,HOLD,,,kosullar saglanmadi (RSI kesisimi / trend / hacim teyidi bir arada yok)
2026-09-17T21:13:02+00:00,2026-09-17 16:00:00-04:00,4380.6,52.77,1763.0,7535.6,20.217,HOLD,,,kosullar saglanmadi (RSI kesisimi / trend / hacim teyidi bir arada yok)
2026-09-17T22:12:26+00:00,2026-09-17 18:00:00-04:00,4382.0,53.21,36.0,6978.55,19.023,HOLD,,,kosullar saglanmadi (RSI kesisimi / trend / hacim teyidi bir arada yok)
2026-09-17T23:10:13+00:00,2026-09-17 19:00:00-04:00,4382.9,53.49,0.0,6834.6,18.14,HOLD,,,kosullar saglanmadi (RSI kesisimi / trend / hacim teyidi bir arada yok)
2026-09-18T00:17:30+00:00,2026-09-17 20:00:00-04:00,4384.0,53.77,309.0,6804.45,17.617,HOLD,,,kosullar saglanmadi (RSI kesisimi / trend / hacim teyidi bir arada yok)
2026-09-18T01:12:07+00:00,2026-09-17 21:00:00-04:00,4401.4,59.4,713.0,6862.55,17.865,HOLD,,,kosullar saglanmadi (RSI kesisimi / trend / hacim teyidi bir arada yok)
2026-09-18T02:12:51+00:00,2026-09-17 22:00:00-04:00,4387.0,54.13,142.0,6723.75,17.745,HOLD,,,kosullar saglanmadi (RSI kesisimi / trend / hacim teyidi bir arada yok)
2026-09-18T03:12:33+00:00,2026-09-17 23:00:00-04:00,4385.6,53.55,183.0,6645.5,17.383,HOLD,,,kosullar saglanmadi (RSI kesisimi / trend / hacim teyidi bir arada yok)
2026-09-18T04:12:56+00:00,2026-09-18 00:00:00-04:00,4397.2,57.53,17.0,6711.1,18.324,HOLD,,,kosullar saglanmadi (RSI kesisimi / trend / hacim teyidi bir arada yok)
2026-09-18T05:11:50+00:00,2026-09-18 01:00:00-04:00,4405.2,60.35,127.0,6505.2,16.76,HOLD,,,kosullar saglanmadi (RSI kesisimi / trend / hacim teyidi bir arada yok)
2026-09-18T06:16:20+00:00,2026-09-18 02:00:00-04:00,4425.1,65.1,2373.0,6591.55,18.254,HOLD,,,kosullar saglanmadi (RSI kesisimi / trend / hacim teyidi bir arada yok)
2026-09-18T07:12:53+00:00,2026-09-18 03:00:00-04:00,4431.4,66.84,316.0,6678.3,17.883,HOLD,,,kosullar saglanmadi (RSI kesisimi / trend / hacim teyidi bir arada yok)
2026-09-18T08:13:39+00:00,2026-09-18 04:00:00-04:00,4438.1,69.03,286.0,6377.1,17.396,HOLD,,,kosullar saglanmadi (RSI kesisimi / trend / hacim teyidi bir arada yok)
2026-09-18T09:12:47+00:00,2026-09-18 05:00:00-04:00,4433.4,67.52,98.0,5474.95,16.877,HOLD,,,kosullar saglanmadi (RSI kesisimi / trend / hacim teyidi bir arada yok)
2026-09-18T10:13:04+00:00,2026-09-18 06:00:00-04:00,4416.1,58.9,283.0,5011.3,17.428,HOLD,,,kosullar saglanmadi (RSI kesisimi / trend / hacim teyidi bir arada yok)
2026-09-18T11:11:59+00:00,2026-09-18 07:00:00-04:00,4424.7,61.7,64.0,4506.65,16.732,HOLD,,,kosullar saglanmadi (RSI kesisimi / trend / hacim teyidi bir arada yok)
2026-09-18T12:15:50+00:00,2026-09-18 08:00:00-04:00,4414.3,56.94,1197.0,4438.95,16.977,HOLD,,,kosullar saglanmadi (RSI kesisimi / trend / hacim teyidi bir arada yok)
2026-09-18T13:12:06+00:00,2026-09-18 09:00:00-04:00,4407.7,53.87,997.0,4574.2,17.789,HOLD,,,kosullar saglanmadi (RSI kesisimi / trend / hacim teyidi bir arada yok)
2026-09-18T14:12:39+00:00,2026-09-18 10:00:00-04:00,4390.3,46.92,432.0,4872.6,18.169,HOLD,,,kosullar saglanmadi (RSI kesisimi / trend / hacim teyidi bir arada yok)
2026-09-18T15:12:37+00:00,2026-09-18 11:00:00-04:00,4392.7,47.95,354.0,5228.55,18.014,HOLD,,,kosullar saglanmadi (RSI kesisimi / trend / hacim teyidi bir arada yok)
2026-09-18T16:12:07+00:00,2026-09-18 12:00:00-04:00,4394.1,48.54,171.0,5350.1,17.382,HOLD,,,kosullar saglanmadi (RSI kesisimi / trend / hacim teyidi bir arada yok)
2026-09-18T17:11:08+00:00,2026-09-18 13:00:00-04:00,4422.7,58.97,182.0,5736.55,18.11,HOLD,,,kosullar saglanmadi (RSI kesisimi / trend / hacim teyidi bir arada yok)
2026-09-18T18:14:01+00:00,2026-09-18 14:00:00-04:00,4431.0,61.35,225.0,6180.6,17.837,HOLD,,,kosullar saglanmadi (RSI kesisimi / trend / hacim teyidi bir arada yok)
2026-09-18T19:12:20+00:00,2026-09-18 15:00:00-04:00,4418.1,55.74,169.0,6290.45,17.629,HOLD,,,kosullar saglanmadi (RSI kesisimi / trend / hacim teyidi bir arada yok)
2026-09-18T20:12:12+00:00,2026-09-18 16:00:00-04:00,4417.1,55.25,217.0,6334.85,17.089,HOLD,,,kosullar saglanmadi (RSI kesisimi / trend / hacim teyidi bir arada yok)
2026-09-18T21:11:47+00:00,2026-09-18 16:00:00-04:00,4415.9,54.82,2136.0,6430.8,17.361,HOLD,,,kosullar saglanmadi (RSI kesisimi / trend / hacim teyidi bir arada yok)
2026-09-18T22:12:01+00:00,2026-09-18 16:00:00-04:00,4415.9,54.82,2172.0,6432.6,17.361,HOLD,,,kosullar saglanmadi (RSI kesisimi / trend / hacim teyidi bir arada yok)
2026-09-18T23:12:14+00:00,2026-09-18 16:00:00-04:00,4415.9,54.82,2172.0,6432.6,17.361,HOLD,,,kosullar saglanmadi (RSI kesisimi / trend / hacim teyidi bir arada yok)
2026-09-19T00:17:13+00:00,2026-09-18 16:00:00-04:00,4415.9,54.82,2172.0,6432.6,17.361,HOLD,,,kosullar saglanmadi (RSI kesisimi / trend / hacim teyidi bir arada yok)
2026-09-19T01:10:58+00:00,2026-09-18 16:00:00-04:00,4415.9,54.82,2172.0,6432.6,17.361,HOLD,,,kosullar saglanmadi (RSI kesisimi / trend / hacim teyidi bir arada yok)
2026-09-19T02:12:18+00:00,2026-09-18 16:00:00-04:00,4415.9,54.82,2172.0,6432.6,17.361,HOLD,,,kosullar saglanmadi (RSI kesisimi / trend / hacim teyidi bir arada yok)
2026-09-19T03:12:32+00:00,2026-09-18 16:00:00-04:00,4415.9,54.82,2172.0,6435.4,17.361,HOLD,,,kosullar saglanmadi (RSI kesisimi / trend / hacim teyidi bir arada yok)
2026-09-19T04:12:41+00:00,2026-09-18 16:00:00-04:00,4415.9,54.82,2172.0,6435.4,17.361,HOLD,,,kosullar saglanmadi (RSI kesisimi / trend / hacim teyidi bir arada yok)
2026-09-19T05:11:30+00:00,2026-09-18 16:00:00-04:00,4415.9,54.82,2172.0,6435.4,17.361,HOLD,,,kosullar saglanmadi (RSI kesisimi / trend / hacim teyidi bir arada yok)
2026-09-19T06:15:31+00:00,2026-09-18 16:00:00-04:00,4415.9,54.82,2172.0,6435.4,17.361,HOLD,,,kosullar saglanmadi (RSI kesisimi / trend / hacim teyidi bir arada yok)
2026-09-19T07:11:39+00:00,2026-09-18 16:00:00-04:00,4415.9,54.82,2172.0,6435.4,17.361,HOLD,,,kosullar saglanmadi (RSI kesisimi / trend / hacim teyidi bir arada yok)
2026-09-19T08:13:33+00:00,2026-09-18 16:00:00-04:00,4415.9,54.82,2172.0,6435.4,17.361,HOLD,,,kosullar saglanmadi (RSI kesisimi / trend / hacim teyidi bir arada yok)
2026-09-19T09:12:31+00:00,2026-09-18 16:00:00-04:00,4424.9,57.83,2172.0,6435.4,17.604,HOLD,,,kosullar saglanmadi (RSI kesisimi / trend / hacim teyidi bir arada yok)
2026-09-19T10:12:03+00:00,2026-09-18 16:00:00-04:00,4424.9,57.83,2172.0,6435.4,17.604,HOLD,,,kosullar saglanmadi (RSI kesisimi / trend / hacim teyidi bir arada yok)
2026-09-19T11:11:29+00:00,2026-09-18 16:00:00-04:00,4424.9,57.83,2172.0,6435.4,17.604,HOLD,,,kosullar saglanmadi (RSI kesisimi / trend / hacim teyidi bir arada yok)
2026-09-19T12:15:24+00:00,2026-09-18 16:00:00-04:00,4424.9,57.83,2172.0,6435.4,17.604,HOLD,,,kosullar saglanmadi (RSI kesisimi / trend / hacim teyidi bir arada yok)
2026-09-19T13:12:42+00:00,2026-09-18 16:00:00-04:00,4424.9,57.83,2172.0,6435.4,17.604,HOLD,,,kosullar saglanmadi (RSI kesisimi / trend / hacim teyidi bir arada yok)
2026-09-19T14:11:56+00:00,2026-09-18 16:00:00-04:00,4424.9,57.83,2172.0,6435.4,17.604,HOLD,,,kosullar saglanmadi (RSI kesisimi / trend / hacim teyidi bir arada yok)
2026-09-19T15:11:32+00:00,2026-09-18 16:00:00-04:00,4424.9,57.83,2172.0,6435.4,17.604,HOLD,,,kosullar saglanmadi (RSI kesisimi / trend / hacim teyidi bir arada yok)
2026-09-19T16:12:20+00:00,2026-09-18 16:00:00-04:00,4424.9,57.83,2172.0,6435.4,17.604,HOLD,,,kosullar saglanmadi (RSI kesisimi / trend / hacim teyidi bir arada yok)
2026-09-19T17:10:58+00:00,2026-09-18 16:00:00-04:00,4424.9,57.83,2172.0,6435.4,17.604,HOLD,,,kosullar saglanmadi (RSI kesisimi / trend / hacim teyidi bir arada yok)
2026-09-19T18:13:46+00:00,2026-09-18 16:00:00-04:00,4424.9,57.83,2172.0,6435.4,17.604,HOLD,,,kosullar saglanmadi (RSI kesisimi / trend / hacim teyidi bir arada yok)
2026-09-19T19:10:15+00:00,2026-09-18 16:00:00-04:00,4424.9,57.83,2172.0,6435.4,17.604,HOLD,,,kosullar saglanmadi (RSI kesisimi / trend / hacim teyidi bir arada yok)
2026-09-19T20:11:57+00:00,2026-09-18 16:00:00-04:00,4424.9,57.83,2172.0,6435.4,17.604,HOLD,,,kosullar saglanmadi (RSI kesisimi / trend / hacim teyidi bir arada yok)
2026-09-19T21:11:39+00:00,2026-09-18 16:00:00-04:00,4424.9,57.83,2172.0,6435.4,17.604,HOLD,,,kosullar saglanmadi (RSI kesisimi / trend / hacim teyidi bir arada yok)
2026-09-19T22:11:36+00:00,2026-09-18 16:00:00-04:00,4424.9,57.83,2172.0,6435.4,17.604,HOLD,,,kosullar saglanmadi (RSI kesisimi / trend / hacim teyidi bir arada yok)
2026-09-19T23:10:58+00:00,2026-09-18 16:00:00-04:00,4424.9,57.83,2172.0,6435.4,17.604,HOLD,,,kosullar saglanmadi (RSI kesisimi / trend / hacim teyidi bir arada yok)
2026-09-20T00:18:14+00:00,2026-09-18 16:00:00-04:00,4424.9,57.83,2172.0,6435.4,17.604,HOLD,,,kosullar saglanmadi (RSI kesisimi / trend / hacim teyidi bir arada yok)
2026-09-20T01:11:08+00:00,2026-09-18 16:00:00-04:00,4424.9,57.83,2172.0,6435.4,17.604,HOLD,,,kosullar saglanmadi (RSI kesisimi / trend / hacim teyidi bir arada yok)
2026-09-20T02:12:36+00:00,2026-09-18 16:00:00-04:00,4424.9,57.83,2172.0,6435.4,17.604,HOLD,,,kosullar saglanmadi (RSI kesisimi / trend / hacim teyidi bir arada yok)
2026-09-20T03:12:44+00:00,2026-09-18 16:00:00-04:00,4424.9,57.83,2172.0,6435.4,17.604,HOLD,,,kosullar saglanmadi (RSI kesisimi / trend / hacim teyidi bir arada yok)
2026-09-20T04:12:36+00:00,2026-09-18 16:00:00-04:00,4424.9,57.83,2172.0,6435.4,17.604,HOLD,,,kosullar saglanmadi (RSI kesisimi / trend / hacim teyidi bir arada yok)
2026-09-20T05:12:01+00:00,2026-09-18 16:00:00-04:00,4424.9,57.83,2172.0,6435.4,17.604,HOLD,,,kosullar saglanmadi (RSI kesisimi / trend / hacim teyidi bir arada yok)
2026-09-20T06:15:50+00:00,2026-09-18 16:00:00-04:00,4424.9,57.83,2172.0,6435.4,17.604,HOLD,,,kosullar saglanmadi (RSI kesisimi / trend / hacim teyidi bir arada yok)
2026-09-20T07:11:43+00:00,2026-09-18 16:00:00-04:00,4424.9,57.83,2172.0,6435.4,17.604,HOLD,,,kosullar saglanmadi (RSI kesisimi / trend / hacim teyidi bir arada yok)
2026-09-20T08:12:57+00:00,2026-09-18 16:00:00-04:00,4424.9,57.83,2172.0,6435.4,17.604,HOLD,,,kosullar saglanmadi (RSI kesisimi / trend / hacim teyidi bir arada yok)
2026-09-20T09:12:03+00:00,2026-09-18 16:00:00-04:00,4424.9,57.83,2172.0,6435.4,17.604,HOLD,,,kosullar saglanmadi (RSI kesisimi / trend / hacim teyidi bir arada yok)
2026-09-20T10:11:57+00:00,2026-09-18 16:00:00-04:00,4424.9,57.83,2172.0,6435.4,17.604,HOLD,,,kosullar saglanmadi (RSI kesisimi / trend / hacim teyidi bir arada yok)
2026-09-20T11:11:40+00:00,2026-09-18 16:00:00-04:00,4424.9,57.83,2172.0,6435.4,17.604,HOLD,,,kosullar saglanmadi (RSI kesisimi / trend / hacim teyidi bir arada yok)
2026-09-20T12:15:07+00:00,2026-09-18 16:00:00-04:00,4424.9,57.83,2172.0,6435.4,17.604,HOLD,,,kosullar saglanmadi (RSI kesisimi / trend / hacim teyidi bir arada yok)
2026-09-20T13:11:40+00:00,2026-09-18 16:00:00-04:00,4424.9,57.83,2172.0,6435.4,17.604,HOLD,,,kosullar saglanmadi (RSI kesisimi / trend / hacim teyidi bir arada yok)
2026-09-20T14:12:11+00:00,2026-09-18 16:00:00-04:00,4424.9,57.83,2172.0,6435.4,17.604,HOLD,,,kosullar saglanmadi (RSI kesisimi / trend / hacim teyidi bir arada yok)
2026-09-20T15:11:55+00:00,2026-09-18 16:00:00-04:00,4424.9,57.83,2172.0,6435.4,17.604,HOLD,,,kosullar saglanmadi (RSI kesisimi / trend / hacim teyidi bir arada yok)
2026-09-20T16:13:29+00:00,2026-09-18 16:00:00-04:00,4424.9,57.83,2172.0,6435.4,17.604,HOLD,,,kosullar saglanmadi (RSI kesisimi / trend / hacim teyidi bir arada yok)
2026-09-20T17:10:51+00:00,2026-09-18 16:00:00-04:00,4424.9,57.83,2172.0,6435.4,17.604,HOLD,,,kosullar saglanmadi (RSI kesisimi / trend / hacim teyidi bir arada yok)
2026-09-20T18:13:56+00:00,2026-09-18 16:00:00-04:00,4424.9,57.83,2172.0,6435.4,17.604,HOLD,,,kosullar saglanmadi (RSI kesisimi / trend / hacim teyidi bir arada yok)
2026-09-20T19:10:32+00:00,2026-09-18 16:00:00-04:00,4424.9,57.83,2172.0,6435.4,17.604,HOLD,,,kosullar saglanmadi (RSI kesisimi / trend / hacim teyidi bir arada yok)
2026-09-20T20:11:50+00:00,2026-09-18 16:00:00-04:00,4424.9,57.83,2172.0,6435.4,17.604,HOLD,,,kosullar saglanmadi (RSI kesisimi / trend / hacim teyidi bir arada yok)
2026-09-20T21:11:46+00:00,2026-09-18 16:00:00-04:00,4424.9,57.83,2172.0,6435.4,17.604,HOLD,,,kosullar saglanmadi (RSI kesisimi / trend / hacim teyidi bir arada yok)
2026-09-20T22:11:38+00:00,2026-09-20 18:00:00-04:00,4424.9,57.83,0.0,6171.95,16.346,HOLD,,,kosullar saglanmadi (RSI kesisimi / trend / hacim teyidi bir arada yok)
2026-09-20T23:10:54+00:00,2026-09-20 19:00:00-04:00,4412.3,52.55,0.0,6063.2,16.091,HOLD,,,kosullar saglanmadi (RSI kesisimi / trend / hacim teyidi bir arada yok)
2026-09-21T00:17:51+00:00,2026-09-20 20:00:00-04:00,4410.0,51.59,490.0,5809.2,15.856,HOLD,,,kosullar saglanmadi (RSI kesisimi / trend / hacim teyidi bir arada yok)
2026-09-21T01:11:59+00:00,2026-09-20 21:00:00-04:00,4413.3,52.88,659.0,5884.45,16.171,HOLD,,,kosullar saglanmadi (RSI kesisimi / trend / hacim teyidi bir arada yok)
2026-09-21T02:12:28+00:00,2026-09-20 22:00:00-04:00,4412.5,52.35,210.0,5855.3,15.882,HOLD,,,kosullar saglanmadi (RSI kesisimi / trend / hacim teyidi bir arada yok)
2026-09-21T03:13:04+00:00,2026-09-20 23:00:00-04:00,4399.7,47.35,480.0,5710.8,16.042,HOLD,,,kosullar saglanmadi (RSI kesisimi / trend / hacim teyidi bir arada yok)
2026-09-21T04:12:53+00:00,2026-09-21 00:00:00-04:00,4398.4,47.04,38.0,5670.55,17.361,HOLD,,,kosullar saglanmadi (RSI kesisimi / trend / hacim teyidi bir arada yok)
2026-09-21T05:12:44+00:00,2026-09-21 01:00:00-04:00,4393.8,45.69,223.0,5417.0,16.649,HOLD,,,kosullar saglanmadi (RSI kesisimi / trend / hacim teyidi bir arada yok)
2026-09-21T06:18:14+00:00,2026-09-21 02:00:00-04:00,4390.3,44.78,790.0,5377.7,16.547,HOLD,,,kosullar saglanmadi (RSI kesisimi / trend / hacim teyidi bir arada yok)
2026-09-21T07:14:04+00:00,2026-09-21 03:00:00-04:00,4391.4,44.72,979.0,5531.85,14.938,HOLD,,,kosullar saglanmadi (RSI kesisimi / trend / hacim teyidi bir arada yok)
2026-09-21T08:14:14+00:00,2026-09-21 04:00:00-04:00,4383.8,42.03,432.0,5547.25,14.536,HOLD,,,kosullar saglanmadi (RSI kesisimi / trend / hacim teyidi bir arada yok)
2026-09-21T09:13:38+00:00,2026-09-21 05:00:00-04:00,4389.2,44.87,135.0,5192.85,14.301,HOLD,,,kosullar saglanmadi (RSI kesisimi / trend / hacim teyidi bir arada yok)
